[{"voiceId":"en-UK-hazel","displayName":"Hazel (F)","locale":"en-UK","displayLanguage":"English","accent":"UK","description":"Young Adult","gender":"Female","availableStyles":["Conversational"]},{"voiceId":"en-US-cooper","displayName":"Cooper (M)","locale":"en-US","displayLanguage":"English","accent":"US & Canada","description":"Young Adult","gender":"Male","availableStyles":["Conversational","Promo","Angry","Inspirational","Sad","Newscast"]},{"voiceId":"en-US-imani","displayName":"Imani (F)","locale":"en-US","displayLanguage":"English","accent":"US & Canada","description":"Middle-Aged","gender":"Female","availableStyles":["Conversational"]},{"voiceId":"it-IT-giorgio","displayName":"Giorgio (M)","locale":"it-IT","displayLanguage":"Italian","accent":"Italy","description":"Middle-Aged","gender":"Male","availableStyles":["Conversational"]},{"voiceId":"en-US-wayne","displayName":"Wayne (M)","locale":"en-US","displayLanguage":"English","accent":"US & Canada","description":"Middle-Aged","gender":"Male","availableStyles":["Conversational","Narration","Inspirational","Promo","NewsCast","Calm","Sad","Angry"]},{"voiceId":"en-IN-shivani","displayName":"Shivani (F)","locale":"en-IN","displayLanguage":"English","accent":"India","description":"Young Adult","gender":"Female","availableStyles":["Conversational"]},{"voiceId":"en-US-daniel","displayName":"Daniel (M)","locale":"en-US","displayLanguage":"English","accent":"US & Canada","description":"Young Adult","gender":"Male","availableStyles":["Conversational","Inspirational","Sad","Storytelling"]},{"voiceId":"fr-FR-adrien","displayName":"Adrien (M)","locale":"fr-FR","displayLanguage":"French","accent":"France","description":"Middle-Aged","gender":"Male","availableStyles":["Conversational"]},{"voiceId":"es-MX-alejandro","displayName":"Alejandro (M)","locale":"es-MX","displayLanguage":"Spanish","accent":"Mexico","description":"Young Adult","gender":"Male","availableStyles":["Conversational"]},{"voiceId":"en-AU-joyce","displayName":"Joyce (F)","locale":"en-AU","displayLanguage":"English","accent":"Australia","description":"Middle-Aged","gender":"Female","availableStyles":["Conversational","Narration"]},{"voiceId":"en-IN-isha","displayName":"Isha (F)","locale":"en-IN","displayLanguage":"English","accent":"India","description":"Young Adult","gender":"Female","availableStyles":["Conversational"]},{"voiceId":"en-US-riley","displayName":"Riley (F)","locale":"en-US","displayLanguage":"English","accent":"US & Canada","description":"Young Adult","gender":"Female","availableStyles":["Promo"]},{"voiceId":"fr-FR-adélie","displayName":"Adélie (F)","locale":"fr-FR","displayLanguage":"French","accent":"France","description":"Middle-Aged","gender":"Female","availableStyles":["Conversational","Promo"]},{"voiceId":"en-US-carter","displayName":"Carter (M)","locale":"en-US","displayLanguage":"English","accent":"US & Canada","description":"Middle-Aged","gender":"Male","availableStyles":["Conversational","Narration","Documentary","Calm"]},{"voiceId":"en-UK-gabriel","displayName":"Gabriel (M)","locale":"en-UK","displayLanguage":"English","accent":"UK","description":"Middle-Aged","gender":"Male","availableStyles":["Documentary"]},{"voiceId":"en-UK-stanley","displayName":"Stanley (M)","locale":"en-UK","displayLanguage":"English","accent":"UK","description":"Young Adult","gender":"Male","availableStyles":["Promo"]},{"voiceId":"en-UK-juliet","displayName":"Juliet (F)","locale":"en-UK","displayLanguage":"English","accent":"UK","description":"Middle-Aged","gender":"Female","availableStyles":["Conversational"]},{"voiceId":"en-IN-arohi","displayName":"Arohi (F)","locale":"en-IN","displayLanguage":"English","accent":"India","description":"Young Adult","gender":"Female","availableStyles":["Conversational","Promo"]},{"voiceId":"fr-FR-maxime","displayName":"Maxime (M)","locale":"fr-FR","displayLanguage":"French","accent":"France","description":"Middle-Aged","gender":"Male","availableStyles":["Conversational"]},{"voiceId":"de-DE-josephine","displayName":"Josephine (F)","locale":"de-DE","displayLanguage":"German","accent":"Germany","description":"Young Adult","gender":"Female","availableStyles":["Conversational"]},{"voiceId":"en-UK-hugo","displayName":"Hugo (M)","locale":"en-UK","displayLanguage":"English","accent":"UK","description":"Middle-Aged","gender":"Male","availableStyles":["Conversational"]},{"voiceId":"en-UK-hugh","displayName":"Hugh (M)","locale":"en-UK","displayLanguage":"English","accent":"UK","description":"Young Adult","gender":"Male","availableStyles":["Inspirational"]},{"voiceId":"en-US-samantha","displayName":"Samantha (F)","locale":"en-US","displayLanguage":"English","accent":"US & Canada","description":"Young Adult","gender":"Female","availableStyles":["Conversational","Luxury","Promo","Angry","Sad","Newscast"]},{"voiceId":"de-DE-erna","displayName":"Erna (F)","locale":"de-DE","displayLanguage":"German","accent":"Germany","description":"Middle-Aged","gender":"Female","availableStyles":["Conversational"]},{"voiceId":"pt-BR-isadora","displayName":"Isadora (F)","locale":"pt-BR","displayLanguage":"Portuguese","accent":"Brazil","description":"Young Adult","gender":"Female","availableStyles":["Conversational"]},{"voiceId":"en-US-terrell","displayName":"Terrell (M)","locale":"en-US","displayLanguage":"English","accent":"US & Canada","description":"Middle-Aged","gender":"Male","availableStyles":["Inspirational","Narration","Calm","Promo","Conversational"]},{"voiceId":"en-US-denzel","displayName":"Denzel (M)","locale":"en-US","displayLanguage":"English","accent":"US & Canada","description":"Middle-Aged","gender":"Male","availableStyles":["Conversational"]},{"voiceId":"en-UK-heidi","displayName":"Heidi (F)","locale":"en-UK","displayLanguage":"English","accent":"UK","description":"Young Adult","gender":"Female","availableStyles":["Conversational"]},{"voiceId":"en-US-miles","displayName":"Miles (M)","locale":"en-US","displayLanguage":"English","accent":"US & Canada","description":"Young Adult","gender":"Male","availableStyles":["Conversational","Promo","Narration","Newscast","Sad","Angry","Calm","Terrified","Inspirational"]},{"voiceId":"en-US-abigail","displayName":"Abigail (F)","locale":"en-US","displayLanguage":"English","accent":"US & Canada","description":"Young Adult","gender":"Female","availableStyles":["Conversational"]},{"voiceId":"fr-FR-justine","displayName":"Justine (F)","locale":"fr-FR","displayLanguage":"French","accent":"France","description":"Young Adult","gender":"Female","availableStyles":["Conversational"]},{"voiceId":"fr-FR-etienne","displayName":"Etienne (M)","locale":"fr-FR","displayLanguage":"French","accent":"France","description":"Middle-Aged","gender":"Male","availableStyles":["Conversational"]},{"voiceId":"it-IT-greta","displayName":"Greta (F)","locale":"it-IT","displayLanguage":"Italian","accent":"Italy","description":"Middle-Aged","gender":"Female","availableStyles":["Conversational"]},{"voiceId":"en-AU-shane","displayName":"Shane (M)","locale":"en-AU","displayLanguage":"English","accent":"Australia","description":"Middle-Aged","gender":"Male","availableStyles":["Conversational","Narration"]},{"voiceId":"en-UK-peter","displayName":"Peter (M)","locale":"en-UK","displayLanguage":"English","accent":"UK","description":"Young Adult","gender":"Male","availableStyles":["Conversational"]},{"voiceId":"en-AU-ivy","displayName":"Ivy (F)","locale":"en-AU","displayLanguage":"English","accent":"Australia","description":"Young Adult","gender":"Female","availableStyles":["Promo","Conversational","Calm","Angry","Sad"]},{"voiceId":"fr-FR-axel","displayName":"Axel (M)","locale":"fr-FR","displayLanguage":"French","accent":"France","description":"Middle-Aged","gender":"Male","availableStyles":["Conversational"]},{"voiceId":"en-US-claire","displayName":"Claire (F)","locale":"en-US","displayLanguage":"English","accent":"US & Canada","description":"Middle-Aged","gender":"Female","availableStyles":["Conversational","Luxury"]},{"voiceId":"it-IT-vera","displayName":"Vera (F)","locale":"it-IT","displayLanguage":"Italian","accent":"Italy","description":"Middle-Aged","gender":"Female","availableStyles":["Conversational"]},{"voiceId":"hi-IN-rahul","displayName":"Rahul (M)","locale":"hi-IN","displayLanguage":"Hindi","accent":"India","description":"Middle-Aged","gender":"Male","availableStyles":["Conversational"]},{"voiceId":"es-ES-elvira","displayName":"Elvira (F)","locale":"es-ES","displayLanguage":"Spanish","accent":"Spain","description":"Middle-Aged","gender":"Female","availableStyles":["Conversational","Promo"]},{"voiceId":"es-ES-enrique","displayName":"Enrique (M)","locale":"es-ES","displayLanguage":"Spanish","accent":"Spain","description":"Middle-Aged","gender":"Male","availableStyles":["Conversational","Promo"]},{"voiceId":"en-UK-aiden","displayName":"Aiden (M)","locale":"en-UK","displayLanguage":"English","accent":"UK","description":"Middle-Aged","gender":"Male","availableStyles":["Narration"]},{"voiceId":"en-US-ronnie","displayName":"Ronnie (M)","locale":"en-US","displayLanguage":"English","accent":"US & Canada","description":"Young Adult","gender":"Male","availableStyles":["Promo","Conversational","Angry","Sad","NewsCast"]},{"voiceId":"en-UK-amber","displayName":"Amber (F)","locale":"en-UK","displayLanguage":"English","accent":"UK","description":"Middle-Aged","gender":"Female","availableStyles":["Documentary"]},{"voiceId":"hi-IN-shweta","displayName":"Shweta (F)","locale":"hi-IN","displayLanguage":"Hindi","accent":"India","description":"Middle-Aged","gender":"Female","availableStyles":["Conversational"]},{"voiceId":"en-AU-jimm","displayName":"Jimm (M)","locale":"en-AU","displayLanguage":"English","accent":"Australia","description":"Young Adult","gender":"Male","availableStyles":["Conversational","Narration"]},{"voiceId":"pt-BR-benício","displayName":"Benício (M)","locale":"pt-BR","displayLanguage":"Portuguese","accent":"Brazil","description":"Middle-Aged","gender":"Male","availableStyles":["Conversational"]},{"voiceId":"es-MX-lorena","displayName":"Lorena (F)","locale":"es-MX","displayLanguage":"Spanish","accent":"Mexico","description":"Middle-Aged","gender":"Female","availableStyles":["Conversational"]},{"voiceId":"en-UK-freddie","displayName":"Freddie (M)","locale":"en-UK","displayLanguage":"English","accent":"UK","description":"Middle-Aged","gender":"Male","availableStyles":["Conversational"]},{"voiceId":"en-US-ryan","displayName":"Ryan (M)","locale":"en-US","displayLanguage":"English","accent":"US & Canada","description":"Young Adult","gender":"Male","availableStyles":["Narration","Conversational","Promo","Angry","Sad"]},{"voiceId":"pt-BR-eloa","displayName":"Eloa (F)","locale":"pt-BR","displayLanguage":"Portuguese","accent":"Brazil","description":"Middle-Aged","gender":"Female","availableStyles":["Conversational"]},{"voiceId":"en-US-charlotte","displayName":"Charlotte (F)","locale":"en-US","displayLanguage":"English","accent":"US & Canada","description":"Middle-Aged","gender":"Female","availableStyles":["Narration"]},{"voiceId":"de-DE-lia","displayName":"Lia (F)","locale":"de-DE","displayLanguage":"German","accent":"Germany","description":"Young Adult","gender":"Female","availableStyles":["Conversational"]},{"voiceId":"en-US-natalie","displayName":"Natalie (F)","locale":"en-US","displayLanguage":"English","accent":"US & Canada","description":"Young Adult","gender":"Female","availableStyles":["Promo","Narration","Newscast Formal","Meditative","Sad","Angry","Conversational","Newscast Casual","Furious","Sorrowful","Terrified","Inspirational"]},{"voiceId":"en-US-michelle","displayName":"Michelle (F)","locale":"en-US","displayLanguage":"English","accent":"US & Canada","description":"Young Adult","gender":"Female","availableStyles":["Conversational"]},{"voiceId":"en-US-phoebe","displayName":"Phoebe (F)","locale":"en-US","displayLanguage":"English","accent":"US & Canada","description":"Young Adult","gender":"Female","availableStyles":["Conversational"]},{"voiceId":"es-ES-carmen","displayName":"Carmen (F)","locale":"es-ES","displayLanguage":"Spanish","accent":"Spain","description":"Young Adult","gender":"Female","availableStyles":["Conversational"]},{"voiceId":"en-US-caleb","displayName":"Caleb (M)","locale":"en-US","displayLanguage":"English","accent":"US & Canada","description":"Middle-Aged","gender":"Male","availableStyles":["Promo"]},{"voiceId":"en-US-iris","displayName":"Iris (F)","locale":"en-US","displayLanguage":"English","accent":"US & Canada","description":"Young Adult","gender":"Female","availableStyles":["Narration","Conversational"]},{"voiceId":"en-UK-harrison","displayName":"Harrison (M)","locale":"en-UK","displayLanguage":"English","accent":"UK","description":"Middle-Aged","gender":"Male","availableStyles":["Conversational"]},{"voiceId":"en-US-marcus","displayName":"Marcus (M)","locale":"en-US","displayLanguage":"English","accent":"US & Canada","description":"Young Adult","gender":"Male","availableStyles":["Conversational","Narration"]},{"voiceId":"en-US-josie","displayName":"Josie (F)","locale":"en-US","displayLanguage":"English","accent":"US & Canada","description":"Middle-Aged","gender":"Female","availableStyles":["Conversational"]},{"voiceId":"en-US-daisy","displayName":"Daisy (F)","locale":"en-US","displayLanguage":"English","accent":"US & Canada","description":"Young Adult","gender":"Female","availableStyles":["Conversational","Promo","Narration","NewsCast","Sad"]},{"voiceId":"en-US-charles","displayName":"Charles (M)","locale":"en-US","displayLanguage":"English","accent":"US & Canada","description":"Middle-Aged","gender":"Male","availableStyles":["Conversational","Calm","NewsCast","Inspirational","Sad","Angry"]},{"voiceId":"en-UK-reggie","displayName":"Reggie (M)","locale":"en-UK","displayLanguage":"English","accent":"UK","description":"Young Adult","gender":"Male","availableStyles":["Promo"]},{"voiceId":"es-MX-juan","displayName":"Juan (M)","locale":"es-MX","displayLanguage":"Spanish","accent":"Mexico","description":"Middle-Aged","gender":"Male","availableStyles":["Conversational"]},{"voiceId":"en-US-julia","displayName":"Julia (F)","locale":"en-US","displayLanguage":"English","accent":"US & Canada","description":"Young Adult","gender":"Female","availableStyles":["Storytelling","Angry","Sad","Calm","Newscast","Conversational"]},{"voiceId":"en-SCOTT-emily","displayName":"Emily (F)","locale":"en-SCOTT","displayLanguage":"English","accent":"Scotland","description":"Young Adult","gender":"Female","availableStyles":["Conversational"]},{"voiceId":"en-US-dylan","displayName":"Dylan (M)","locale":"en-US","displayLanguage":"English","accent":"US & Canada","description":"Middle-Aged","gender":"Male","availableStyles":["Documentary","Conversational","Inspirational","Newscast"]},{"voiceId":"es-MX-valeria","displayName":"Valeria (F)","locale":"es-MX","displayLanguage":"Spanish","accent":"Mexico","description":"Middle-Aged","gender":"Female","availableStyles":["Conversational"]},{"voiceId":"en-IN-eashwar","displayName":"Eashwar (M)","locale":"en-IN","displayLanguage":"English","accent":"India","description":"Middle-Aged","gender":"Male","availableStyles":["Conversational"]},{"voiceId":"en-AU-evelyn","displayName":"Evelyn (F)","locale":"en-AU","displayLanguage":"English","accent":"Australia","description":"Middle-Aged","gender":"Female","availableStyles":["Conversational"]},{"voiceId":"en-US-clint","displayName":"Clint (M)","locale":"en-US","displayLanguage":"English","accent":"US & Canada","description":"Middle-Aged","gender":"Male","availableStyles":["Luxury","Narration","Conversational","NewsCast","Sad","Inspirational","Promo","Calm"]},{"voiceId":"de-DE-lara","displayName":"Lara (F)","locale":"de-DE","displayLanguage":"German","accent":"Germany","description":"Middle-Aged","gender":"Female","availableStyles":["Conversational"]},{"voiceId":"en-US-evander","displayName":"Evander (M)","locale":"en-US","displayLanguage":"English","accent":"US & Canada","description":"Middle-Aged","gender":"Male","availableStyles":["Conversational"]},{"voiceId":"en-SCOTT-rory","displayName":"Rory (M)","locale":"en-SCOTT","displayLanguage":"English","accent":"Scotland","description":"Young Adult","gender":"Male","availableStyles":["Conversational"]},{"voiceId":"en-AU-leyton","displayName":"Leyton (M)","locale":"en-AU","displayLanguage":"English","accent":"Australia","description":"Young Adult","gender":"Male","availableStyles":["Conversational","Narration","Calm","Angry","Sad","Promo","Terrified"]},{"voiceId":"fr-FR-louise","displayName":"Louise (F)","locale":"fr-FR","displayLanguage":"French","accent":"France","description":"Middle-Aged","gender":"Female","availableStyles":["Conversational"]},{"voiceId":"de-DE-matthias","displayName":"Matthias (M)","locale":"de-DE","displayLanguage":"German","accent":"Germany","description":"Middle-Aged","gender":"Male","availableStyles":["Conversational"]},{"voiceId":"en-IN-rohan","displayName":"Rohan (M)","locale":"en-IN","displayLanguage":"English","accent":"India","description":"Young Adult","gender":"Male","availableStyles":["Conversational"]},{"voiceId":"en-US-delilah","displayName":"Delilah (F)","locale":"en-US","displayLanguage":"English","accent":"US & Canada","description":"Young Adult","gender":"Female","availableStyles":["Conversational"]},{"voiceId":"de-DE-karl","displayName":"Karl (M)","locale":"de-DE","displayLanguage":"German","accent":"Germany","description":"Young Adult","gender":"Male","availableStyles":["Conversational","Promo"]},{"voiceId":"en-US-lucas","displayName":"Lucas (M)","locale":"en-US","displayLanguage":"English","accent":"US & Canada","description":"Middle-Aged","gender":"Male","availableStyles":["Promo"]},{"voiceId":"en-US-angela","displayName":"Angela (F)","locale":"en-US","displayLanguage":"English","accent":"US & Canada","description":"Young Adult","gender":"Female","availableStyles":["Promo"]},{"voiceId":"en-US-naomi","displayName":"Naomi (F)","locale":"en-US","displayLanguage":"English","accent":"US & Canada","description":"Middle-Aged","gender":"Female","availableStyles":["Conversational","Inspirational"]},{"voiceId":"es-MX-carlos","displayName":"Carlos (M)","locale":"es-MX","displayLanguage":"Spanish","accent":"Mexico","description":"Middle-Aged","gender":"Male","availableStyles":["Conversational"]},{"voiceId":"en-US-alicia","displayName":"Alicia (F)","locale":"en-US","displayLanguage":"English","accent":"US & Canada","description":"Young Adult","gender":"Female","availableStyles":["Conversational"]},{"voiceId":"en-IN-alia","displayName":"Alia (F)","locale":"en-IN","displayLanguage":"English","accent":"India","description":"Middle-Aged","gender":"Female","availableStyles":["Documentary"]},{"voiceId":"en-US-june","displayName":"June (F)","locale":"en-US","displayLanguage":"English","accent":"US & Canada","description":"Middle-Aged","gender":"Female","availableStyles":["Promo"]},{"voiceId":"en-AU-ashton","displayName":"Ashton (M)","locale":"en-AU","displayLanguage":"English","accent":"Australia","description":"Young Adult","gender":"Male","availableStyles":["Promo"]},{"voiceId":"en-UK-finley","displayName":"Finley (M)","locale":"en-UK","displayLanguage":"English","accent":"UK","description":"Young Adult","gender":"Male","availableStyles":["Promo","Conversational","Angry","Sad"]},{"voiceId":"pl-PL-blazej","displayName":"Blazej (M)","locale":"pl-PL","displayLanguage":"Polish","accent":"Poland","description":"Middle-Aged","gender":"Male","availableStyles":["Conversational"]},{"voiceId":"en-AU-kylie","displayName":"Kylie (F)","locale":"en-AU","displayLanguage":"English","accent":"Australia","description":"Young Adult","gender":"Female","availableStyles":["Conversational"]},{"voiceId":"en-US-jayden","displayName":"Jayden (M)","locale":"en-US","displayLanguage":"English","accent":"US & Canada","description":"Middle-Aged","gender":"Male","availableStyles":["Conversational"]},{"voiceId":"en-IN-aarav","displayName":"Aarav (M)","locale":"en-IN","displayLanguage":"English","accent":"India","description":"Middle-Aged","gender":"Male","availableStyles":["Conversational"]},{"voiceId":"de-DE-björn","displayName":"Björn (M)","locale":"de-DE","displayLanguage":"German","accent":"Germany","description":"Middle-Aged","gender":"Male","availableStyles":["Conversational","Promo"]},{"voiceId":"fr-FR-louis","displayName":"Louis (M)","locale":"fr-FR","displayLanguage":"French","accent":"France","description":"Young Adult","gender":"Male","availableStyles":["Conversational"]},{"voiceId":"en-AU-harper","displayName":"Harper (M)","locale":"en-AU","displayLanguage":"English","accent":"Australia","description":"Middle-Aged","gender":"Male","availableStyles":["Conversational","Casual"]},{"voiceId":"en-UK-ruby","displayName":"Ruby (F)","locale":"en-UK","displayLanguage":"English","accent":"UK","description":"Young Adult","gender":"Female","availableStyles":["Conversational","Promo","Angry","Sad","Newscast","Calm"]},{"voiceId":"en-US-ken","displayName":"Ken (M)","locale":"en-US","displayLanguage":"English","accent":"US & Canada","description":"Middle-Aged","gender":"Male","availableStyles":["Conversational","Promo","Newscast","Storytelling","Calm","Furious","Angry","Sobbing","Sad"]},{"voiceId":"en-UK-jaxon","displayName":"Jaxon (M)","locale":"en-UK","displayLanguage":"English","accent":"UK","description":"Young Adult","gender":"Male","availableStyles":["Conversational"]},{"voiceId":"en-US-thomas","displayName":"Thomas (M)","locale":"en-US","displayLanguage":"English","accent":"US & Canada","description":"Young Adult","gender":"Male","availableStyles":["Conversational"]},{"voiceId":"en-US-river","displayName":"River (NB)","locale":"en-US","displayLanguage":"English","accent":"US & Canada","description":"Young Adult","gender":"NonBinary","availableStyles":["Conversational"]},{"voiceId":"en-IN-priya","displayName":"Priya (F)","locale":"en-IN","displayLanguage":"English","accent":"India","description":"Young Adult","gender":"Female","availableStyles":["Conversational"]},{"voiceId":"en-UK-theo","displayName":"Theo (M)","locale":"en-UK","displayLanguage":"English","accent":"UK","description":"Young Adult","gender":"Male","availableStyles":["Narration","Promo","Calm","Sad","Angry"]},{"voiceId":"en-UK-katie","displayName":"Katie (F)","locale":"en-UK","displayLanguage":"English","accent":"UK","description":"Young Adult","gender":"Female","availableStyles":["Conversational"]},{"voiceId":"pl-PL-jacek","displayName":"Jacek (M)","locale":"pl-PL","displayLanguage":"Polish","accent":"Poland","description":"Middle-Aged","gender":"Male","availableStyles":["Conversational"]},{"voiceId":"it-IT-lorenzo","displayName":"Lorenzo (M)","locale":"it-IT","displayLanguage":"Italian","accent":"Italy","description":"Young Adult","gender":"Male","availableStyles":["Conversational"]},{"voiceId":"hi-IN-shaan","displayName":"Shaan (M)","locale":"hi-IN","displayLanguage":"Hindi","accent":"India","description":"Young Adult","gender":"Male","availableStyles":["Conversational"]},{"voiceId":"en-US-amara","displayName":"Amara (F)","locale":"en-US","displayLanguage":"English","accent":"US & Canada","description":"Young Adult","gender":"Female","availableStyles":["Conversational","Narration"]},{"voiceId":"en-IN-surya","displayName":"Surya (M)","locale":"en-IN","displayLanguage":"English","accent":"India","description":"Middle-Aged","gender":"Male","availableStyles":["Documentary"]},{"voiceId":"en-US-finn","displayName":"Finn (M)","locale":"en-US","displayLanguage":"English","accent":"US & Canada","description":"Middle-Aged","gender":"Male","availableStyles":["Promo","Conversational"]},{"voiceId":"pt-BR-gustavo","displayName":"Gustavo (M)","locale":"pt-BR","displayLanguage":"Portuguese","accent":"Brazil","description":"Middle-Aged","gender":"Male","availableStyles":["Conversational"]},{"voiceId":"es-ES-javier","displayName":"Javier (M)","locale":"es-ES","displayLanguage":"Spanish","accent":"Spain","description":"Young Adult","gender":"Male","availableStyles":["Conversational"]},{"voiceId":"en-AU-mitch","displayName":"Mitch (M)","locale":"en-AU","displayLanguage":"English","accent":"Australia","description":"Middle-Aged","gender":"Male","availableStyles":["Conversational","Casual","Promo"]},{"voiceId":"pt-BR-heitor","displayName":"Heitor (M)","locale":"pt-BR","displayLanguage":"Portuguese","accent":"Brazil","description":"Middle-Aged","gender":"Male","availableStyles":["Conversational"]},{"voiceId":"en-US-edmund","displayName":"Edmund (M)","locale":"en-US","displayLanguage":"English","accent":"US & Canada","description":"Young Adult","gender":"Male","availableStyles":["Conversational","Promo","Inspirational","Sad","NewsCast"]},{"voiceId":"hi-IN-ayushi","displayName":"Ayushi (F)","locale":"hi-IN","displayLanguage":"Hindi","accent":"India","description":"Middle-Aged","gender":"Female","availableStyles":["Conversational"]},{"voiceId":"pl-PL-kasia","displayName":"Kasia (F)","locale":"pl-PL","displayLanguage":"Polish","accent":"Poland","description":"Middle-Aged","gender":"Female","availableStyles":["Conversational"]},{"voiceId":"es-MX-luisa","displayName":"Luisa (F)","locale":"es-MX","displayLanguage":"Spanish","accent":"Mexico","description":"Middle-Aged","gender":"Female","availableStyles":["Conversational"]},{"voiceId":"en-US-molly","displayName":"Molly (F)","locale":"en-US","displayLanguage":"English","accent":"US & Canada","description":"Young Adult","gender":"Female","availableStyles":["Conversational"]}]