﻿<?xml version="1.0" encoding="utf-8" ?>
<HunspellDictionaries>
  <!-- from http://ftp.osuosl.org/pub/openoffice/contrib/dictionaries/ - Oregon State University Open Source Lab -->
  <Dictionary>
    <EnglishName>Afrikaans</EnglishName>
    <NativeName>Afrikaans</NativeName>
    <DownloadLink>http://ftp.osuosl.org/pub/openoffice/contrib/dictionaries/af_ZA.zip</DownloadLink>
    <Description>Afrikaans spell checker</Description>
  </Dictionary>
  <Dictionary>
    <EnglishName>Akan</EnglishName>
    <NativeName>Akan</NativeName>
    <DownloadLink>http://ftp.osuosl.org/pub/openoffice/contrib/dictionaries/ak_GH.zip</DownloadLink>
    <Description>Akan spelling dictionary</Description>
  </Dictionary>
  <Dictionary>
    <EnglishName>Albanian</EnglishName>
    <NativeName>Shqip</NativeName>
    <DownloadLink>http://ftp.osuosl.org/pub/openoffice/contrib/dictionaries/sq_AL.zip</DownloadLink>
    <Description>Albanian Spellchecker Dictionary</Description>
  </Dictionary>
  <Dictionary>
    <EnglishName>Bulgarian</EnglishName>
    <NativeName>Български</NativeName>
    <DownloadLink>http://ftp.osuosl.org/pub/openoffice/contrib/dictionaries/bg_BG.zip</DownloadLink>
    <Description>Bulgarian Dictionaries</Description>
  </Dictionary>
  <Dictionary>
    <EnglishName>Catalan</EnglishName>
    <NativeName>català</NativeName>
    <DownloadLink>http://ftp.osuosl.org/pub/openoffice/contrib/dictionaries/ca_ES.zip</DownloadLink>
    <Description>Spelling dictionary for Catalan language</Description>
  </Dictionary>
  <Dictionary>
    <EnglishName>Croatian</EnglishName>
    <NativeName>Hrvatski</NativeName>
    <DownloadLink>http://ftp.osuosl.org/pub/openoffice/contrib/dictionaries/hr_HR.zip</DownloadLink>
    <Description>Croatian dictionary and hyphenation patterns</Description>
  </Dictionary>
  <Dictionary>
    <EnglishName>Czech</EnglishName>
    <NativeName>Čeština</NativeName>
    <DownloadLink>http://ftp.osuosl.org/pub/openoffice/contrib/dictionaries/cs_CZ.zip</DownloadLink>
    <Description>Czech dictionary pack / České slovníky</Description>
  </Dictionary>
  <Dictionary>
    <EnglishName>Danish</EnglishName>
    <NativeName>Dansk</NativeName>
    <DownloadLink>http://ftp.osuosl.org/pub/openoffice/contrib/dictionaries/da_DK.zip</DownloadLink>
    <Description>Danish spellcheck and hyphenation dictionaries</Description>
  </Dictionary>
  <Dictionary>
    <EnglishName>Dutch</EnglishName>
    <NativeName>Nederlands</NativeName>
    <DownloadLink>http://ftp.osuosl.org/pub/openoffice/contrib/dictionaries/nl_NL.zip</DownloadLink>
    <Description>Dutch spelling and hyphenation Dictionary</Description>
  </Dictionary>
  <Dictionary>
    <EnglishName>English (US)</EnglishName>
    <NativeName>English (US)</NativeName>
    <DownloadLink>http://ftp.osuosl.org/pub/openoffice/contrib/dictionaries/en_US.zip</DownloadLink>
    <Description>US English Spell Checking Dictionary</Description>
  </Dictionary>
  <Dictionary>
    <EnglishName>English (UK)</EnglishName>
    <NativeName>English (UK)</NativeName>
    <DownloadLink>http://ftp.osuosl.org/pub/openoffice/contrib/dictionaries/en_UK.zip</DownloadLink>
    <Description>US English Spell Checking Dictionary</Description>
  </Dictionary>
  <Dictionary>
    <EnglishName>English (Canada)</EnglishName>
    <NativeName>English (Canada)</NativeName>
    <DownloadLink>http://ftp.osuosl.org/pub/openoffice/contrib/dictionaries/en_CA.zip</DownloadLink>
    <Description>US English Spell Checking Dictionary</Description>
  </Dictionary>
  <Dictionary>
    <EnglishName>Esperanto</EnglishName>
    <NativeName>Esperanto</NativeName>
    <DownloadLink>http://ftp.osuosl.org/pub/openoffice/contrib/dictionaries/eo.zip</DownloadLink>
    <Description>Esperantilo - spell check dictionary and grammar checker for Esperanto language</Description>
  </Dictionary>
  <Dictionary>
    <EnglishName>Estonian</EnglishName>
    <NativeName>Eesti keel</NativeName>
    <DownloadLink>http://ftp.osuosl.org/pub/openoffice/contrib/dictionaries/et_EE.zip</DownloadLink>
    <Description>Estonian spellchecking and hyphenation</Description>
  </Dictionary>
  <Dictionary>
    <EnglishName>French</EnglishName>
    <NativeName>Français</NativeName>
    <DownloadLink>http://ftp.osuosl.org/pub/openoffice/contrib/dictionaries/fr_FR_1-3-2.zip</DownloadLink>
    <Description>Dictionnaires français - Orthographe «Moderne»</Description>
  </Dictionary>
  <Dictionary>
    <EnglishName>German (Germany)</EnglishName>
    <NativeName>Deutsch (Deutschland)</NativeName>
    <DownloadLink>http://ftp.osuosl.org/pub/openoffice/contrib/dictionaries/de_DE.zip</DownloadLink>
    <Description>German (de-DE igerman98) dictionaries</Description>
  </Dictionary>
  <Dictionary>
    <EnglishName>German (Switzerland)</EnglishName>
    <NativeName>Deutsch (Schweiz)</NativeName>
    <DownloadLink>http://ftp.osuosl.org/pub/openoffice/contrib/dictionaries/de_CH.zip</DownloadLink>
    <Description>German (de-CH) dictionaries</Description>
  </Dictionary>
  <Dictionary>
    <EnglishName>Greek</EnglishName>
    <NativeName>Ελληνικά</NativeName>
    <DownloadLink>http://ftp.osuosl.org/pub/openoffice/contrib/dictionaries/el_GR.zip</DownloadLink>
    <Description>Hellenic (Greek) Dictionary (Spell Check and Hyphenation)</Description>
  </Dictionary>
  <Dictionary>
    <EnglishName>Gujarati</EnglishName>
    <NativeName>ગુજરાતી</NativeName>
    <DownloadLink>http://ftp.osuosl.org/pub/openoffice/contrib/dictionaries/gu_IN.zip</DownloadLink>
    <Description>Gujarati Spellchecker Dictionary</Description>
  </Dictionary>
  <Dictionary>
    <EnglishName>Hebrew</EnglishName>
    <NativeName>עברית</NativeName>
    <DownloadLink>http://ftp.osuosl.org/pub/openoffice/contrib/dictionaries/he_IL.zip</DownloadLink>
    <Description>HebSpellOO</Description>
  </Dictionary>
  <Dictionary>
    <EnglishName>Hungarian</EnglishName>
    <NativeName>Magyar</NativeName>
    <DownloadLink>http://ftp.osuosl.org/pub/openoffice/contrib/dictionaries/hu_HU.zip</DownloadLink>
    <Description>Hungarian Dictionary Pack</Description>
  </Dictionary>
  <Dictionary>
    <EnglishName>Indonesian</EnglishName>
    <NativeName>Indonesia</NativeName>
    <DownloadLink>http://ftp.osuosl.org/pub/openoffice/contrib/dictionaries/id_ID.zip</DownloadLink>
    <Description>Indonesian dictionary - Kamus Indonesia</Description>
  </Dictionary>
  <Dictionary>
    <EnglishName>Interlingua</EnglishName>
    <NativeName>Interlingua</NativeName>
    <DownloadLink>http://ftp.osuosl.org/pub/openoffice/contrib/dictionaries/ia_ANY.zip</DownloadLink>
    <Description>Interlingua - Dictionario orthographic</Description>
  </Dictionary>
  <Dictionary>
    <EnglishName>Irish</EnglishName>
    <NativeName>Gaeilge</NativeName>
    <DownloadLink>http://ftp.osuosl.org/pub/openoffice/contrib/dictionaries/ga_IE.zip</DownloadLink>
    <Description>Irish language spell checker, thesaurus, and hyphenation patterns</Description>
  </Dictionary>
  <Dictionary>
    <EnglishName>Italian</EnglishName>
    <NativeName>Italiano</NativeName>
    <DownloadLink>http://ftp.osuosl.org/pub/openoffice/contrib/dictionaries/it_IT.zip</DownloadLink>
    <Description>Italian and Latin spelling dictionaries</Description>
  </Dictionary>
  <Dictionary>
    <EnglishName>Korean</EnglishName>
    <NativeName>한글</NativeName>
    <DownloadLink>http://spellcheck-ko.googlecode.com/files/ko-aff-dic-0.5.4.zip</DownloadLink>
    <Description>Korean spellchecker</Description>
  </Dictionary>
  <Dictionary>
    <EnglishName>Kurdish</EnglishName>
    <NativeName>Kurdî</NativeName>
    <DownloadLink>http://ftp.osuosl.org/pub/openoffice/contrib/dictionaries/ku_TR.zip</DownloadLink>
    <Description>Rastnivîs Kurdish Spellchecker</Description>
  </Dictionary>
  <Dictionary>
    <EnglishName>Latin</EnglishName>
    <NativeName>Latina</NativeName>
    <DownloadLink>http://ftp.osuosl.org/pub/openoffice/contrib/dictionaries/la.zip</DownloadLink>
    <Description>Latin spelling and hyphenation dictionaries</Description>
  </Dictionary>
  <Dictionary>
    <EnglishName>Latvian</EnglishName>
    <NativeName>Latviešu</NativeName>
    <DownloadLink>http://ftp.osuosl.org/pub/openoffice/contrib/dictionaries/lv_LV.zip</DownloadLink>
    <Description>Latviešu valodas pareizrakstības pārbaudes modulis</Description>
  </Dictionary>
  <Dictionary>
    <EnglishName>Macedonian</EnglishName>
    <NativeName>Македонски</NativeName>
    <DownloadLink>http://ftp.osuosl.org/pub/openoffice/contrib/dictionaries/mk_MK.zip</DownloadLink>
    <Description>Macedonian Spellchecker Dictionary</Description>
  </Dictionary>
  <Dictionary>
    <EnglishName>Marathi</EnglishName>
    <NativeName>मराठी</NativeName>
    <DownloadLink>http://ftp.osuosl.org/pub/openoffice/contrib/dictionaries/mr_IN.zip</DownloadLink>
    <Description>Marathi Spellchecker and Hyphnation Dictionary</Description>
  </Dictionary>
  <Dictionary>
    <EnglishName>Ndebele, South</EnglishName>
    <NativeName>isiNdebele</NativeName>
    <DownloadLink>http://ftp.osuosl.org/pub/openoffice/contrib/dictionaries/nr_ZA.zip</DownloadLink>
    <Description>Ndebele (South) spell checker</Description>
  </Dictionary>
  <Dictionary>
    <EnglishName>Nepali</EnglishName>
    <NativeName>नेपाली</NativeName>
    <DownloadLink>http://ftp.osuosl.org/pub/openoffice/contrib/dictionaries/ne_NP.zip</DownloadLink>
    <Description>Nepali Spellchecker Dictionary</Description>
  </Dictionary>
  <Dictionary>
    <EnglishName>Northern Sotho</EnglishName>
    <NativeName>Sesotho sa Leboa, Sepedi</NativeName>
    <DownloadLink>http://ftp.osuosl.org/pub/openoffice/contrib/dictionaries/ns_ZA.zip</DownloadLink>
    <Description>Northern Sotho spell checker</Description>
  </Dictionary>
  <Dictionary>
    <EnglishName>Norwegian Bokmaal</EnglishName>
    <NativeName>Norsk Bokmaal</NativeName>
    <DownloadLink>http://ftp.osuosl.org/pub/openoffice/contrib/dictionaries/nb_NO.zip</DownloadLink>
    <Description>Norwegian dictionaries (spell checker, thesaurus and hyphenation)</Description>
  </Dictionary>
  <Dictionary>
    <EnglishName>Norwegian Nynorsk</EnglishName>
    <NativeName>Norsk Nynorsk</NativeName>
    <DownloadLink>http://ftp.osuosl.org/pub/openoffice/contrib/dictionaries/nn_NO.zip</DownloadLink>
    <Description>Norwegian dictionaries (spell checker, thesaurus and hyphenation)</Description>
  </Dictionary>
  <Dictionary>
    <EnglishName>Occitan</EnglishName>
    <NativeName>Occitan</NativeName>
    <DownloadLink>http://ftp.osuosl.org/pub/openoffice/contrib/dictionaries/oc_FR.zip</DownloadLink>
    <Description>Spellchecker occitan lengadocian </Description>
  </Dictionary>
  <Dictionary>
    <EnglishName>Polish</EnglishName>
    <NativeName>polski</NativeName>
    <DownloadLink>http://ftp.osuosl.org/pub/openoffice/contrib/dictionaries/pl_PL.zip</DownloadLink>
    <Description>Polish Dictionary Pack</Description>
  </Dictionary>
  <Dictionary>
    <EnglishName>Portuguese (Brazilian)</EnglishName>
    <NativeName>Português (do Brasil)</NativeName>
    <DownloadLink>http://ftp.osuosl.org/pub/openoffice/contrib/dictionaries/pt_BR.zip</DownloadLink>
    <Description>Vero - Brazilian Portuguese Spellchecking Dictionary &amp;amp; Hyphenator</Description>
  </Dictionary>
  <Dictionary>
    <EnglishName>Portuguese (European)</EnglishName>
    <NativeName>Português (Europeu)</NativeName>
    <DownloadLink>http://ftp.osuosl.org/pub/openoffice/contrib/dictionaries/pt_PT.zip</DownloadLink>
    <Description>European Portuguese Dictionaries</Description>
  </Dictionary>
  <Dictionary>
    <EnglishName>Romanian</EnglishName>
    <NativeName>română</NativeName>
    <DownloadLink>http://ftp.osuosl.org/pub/openoffice/contrib/dictionaries/ro_RO.zip</DownloadLink>
    <Description>Romanian Dictionaries</Description>
  </Dictionary>
  <Dictionary>
    <EnglishName>Russian</EnglishName>
    <NativeName>Русский</NativeName>
    <DownloadLink>http://ftp.osuosl.org/pub/openoffice/contrib/dictionaries/ru_RU.zip</DownloadLink>
    <Description>Russian Dictionary</Description>
  </Dictionary>
  <Dictionary>
    <EnglishName>Slovak</EnglishName>
    <NativeName>slovenčina</NativeName>
    <DownloadLink>http://ftp.osuosl.org/pub/openoffice/contrib/dictionaries/sk_SK.zip</DownloadLink>
    <Description>Slovak dictionary package / Slovenské slovníky</Description>
  </Dictionary>
  <Dictionary>
    <EnglishName>Slovenian</EnglishName>
    <NativeName>slovenščina</NativeName>
    <DownloadLink>http://ftp.osuosl.org/pub/openoffice/contrib/dictionaries/sl_SI.zip</DownloadLink>
    <Description>OdprtiTezaver - Slovenian Thesaurus</Description>
  </Dictionary>
  <Dictionary>
    <EnglishName>Southern Sotho</EnglishName>
    <NativeName>Sesotho</NativeName>
    <DownloadLink>http://ftp.osuosl.org/pub/openoffice/contrib/dictionaries/st_ZA.zip</DownloadLink>
    <Description>Southern Sotho spell checker</Description>
  </Dictionary>
  <Dictionary>
    <EnglishName>Spanish</EnglishName>
    <NativeName>Español</NativeName>
    <DownloadLink>http://ftp.osuosl.org/pub/openoffice/contrib/dictionaries/es_ES.zip</DownloadLink>
    <Description>Spanish - Español</Description>
  </Dictionary>
  <Dictionary>
    <EnglishName>Spanish (Argentina)</EnglishName>
    <NativeName>Español (Argentina)</NativeName>
    <DownloadLink>http://ftp.osuosl.org/pub/openoffice/contrib/dictionaries/es_AR.zip</DownloadLink>
    <Description>Diccionario Español - Argentina (Sinónimos y Separación Silábica)</Description>
  </Dictionary>
  <Dictionary>
    <EnglishName>Spanish (Mexico)</EnglishName>
    <NativeName>Español (de México)</NativeName>
    <DownloadLink>http://ftp.osuosl.org/pub/openoffice/contrib/dictionaries/es_MX.zip</DownloadLink>
    <Description>Diccionarios para México</Description>
  </Dictionary>
  <Dictionary>
    <EnglishName>Spanish (Venezuela)</EnglishName>
    <NativeName>Español (Venezuela)</NativeName>
    <DownloadLink>http://ftp.osuosl.org/pub/openoffice/contrib/dictionaries/es_VE.zip</DownloadLink>
    <Description>Diccionarios en Español para Venezuela</Description>
  </Dictionary>
  <Dictionary>
    <EnglishName>Swati</EnglishName>
    <NativeName>SiSwati</NativeName>
    <DownloadLink>http://ftp.osuosl.org/pub/openoffice/contrib/dictionaries/ss_ZA.zip</DownloadLink>
    <Description>Swati spell checker</Description>
  </Dictionary>
  <Dictionary>
    <EnglishName>Swedish</EnglishName>
    <NativeName>Svenska</NativeName>
    <DownloadLink>http://ftp.osuosl.org/pub/openoffice/contrib/dictionaries/sv_SE.zip</DownloadLink>
    <Description>Swedish spelling dictionary</Description>
  </Dictionary>
  <Dictionary>
    <EnglishName>Thai</EnglishName>
    <NativeName>ภาษาไทย</NativeName>
    <DownloadLink>http://ftp.osuosl.org/pub/openoffice/contrib/dictionaries/th_TH.zip</DownloadLink>
    <Description>Thai Spellchecker Dictionary</Description>
  </Dictionary>
  <Dictionary>
    <EnglishName>Tsonga</EnglishName>
    <NativeName>Xitsonga</NativeName>
    <DownloadLink>http://ftp.osuosl.org/pub/openoffice/contrib/dictionaries/ts_ZA.zip</DownloadLink>
    <Description>Tsonga spell checker</Description>
  </Dictionary>
  <Dictionary>
    <EnglishName>Ukrainian</EnglishName>
    <NativeName>Українська</NativeName>
    <DownloadLink>http://ftp.osuosl.org/pub/openoffice/contrib/dictionaries/uk_UA.zip</DownloadLink>
    <Description>Ukrainian Dictionary</Description>
  </Dictionary>
  <Dictionary>
    <EnglishName>Urdu (India)</EnglishName>
    <NativeName>اردو</NativeName>
    <DownloadLink>http://ftp.osuosl.org/pub/openoffice/contrib/dictionaries/ur_PK.zip</DownloadLink>
    <Description>Urdu Spellchecker Dictionary</Description>
  </Dictionary>
  <Dictionary>
    <EnglishName>Urdu (Pakistan)</EnglishName>
    <NativeName>اردو</NativeName>
    <DownloadLink>http://ftp.osuosl.org/pub/openoffice/contrib/dictionaries/ur_PK.zip</DownloadLink>
    <Description>Urdu Spellchecker Dictionary</Description>
  </Dictionary>
  <Dictionary>
    <EnglishName>Venda</EnglishName>
    <NativeName>Tshivenḓa</NativeName>
    <DownloadLink>http://ftp.osuosl.org/pub/openoffice/contrib/dictionaries/ve_ZA.zip</DownloadLink>
    <Description>Venda spell checker</Description>
  </Dictionary>
  <Dictionary>
    <EnglishName>Vietnamese</EnglishName>
    <NativeName>Tiếng Việt</NativeName>
    <DownloadLink>http://ftp.osuosl.org/pub/openoffice/contrib/dictionaries/vi_VN.zip</DownloadLink>
    <Description>Vietnamese SpellChecker</Description>
  </Dictionary>
  <Dictionary>
    <EnglishName>Welsh (Wales)</EnglishName>
    <NativeName>Welsh (Wales)</NativeName>
    <DownloadLink>http://ftp.osuosl.org/pub/openoffice/contrib/dictionaries/cy_GB.zip</DownloadLink>
    <Description>Xhosa spell checker</Description>
  </Dictionary>
  <Dictionary>
    <EnglishName>Xhosa (South Africa)</EnglishName>
    <NativeName>Xhosa (South Africa)</NativeName>
    <DownloadLink>http://ftp.osuosl.org/pub/openoffice/contrib/dictionaries/xh_ZA.zip</DownloadLink>
    <Description>Xhosa spell checker</Description>
  </Dictionary>
  <Dictionary>
    <EnglishName>Zulu</EnglishName>
    <NativeName>isiZulu</NativeName>
    <DownloadLink>http://ftp.osuosl.org/pub/openoffice/contrib/dictionaries/zu_ZA.zip</DownloadLink>
    <Description>Zulu spell checker</Description>
  </Dictionary>
</HunspellDictionaries>