﻿<NoBreakAfterList>
  <Item>Dr.</Item>
  <Item>Dr</Item>
  <Item>Fr.</Item>
  <Item>Fr</Item>
  <Item>Frl.</Item>
  <Item>Frl</Item>
  <Item>Hr.</Item>
  <Item>Hr</Item>
  <Item>Ihr</Item>
  <Item>Mr.</Item>
  <Item>Mrs.</Item>
  <Item>Ms.</Item>
  <Item>Nr.</Item>
  <Item>Sie</Item>
  <Item>aber</Item>
  <Item>als</Item>
  <Item>auch</Item>
  <Item>bis</Item>
  <Item>das</Item>
  <Item>dass</Item>
  <Item>dein</Item>
  <Item>deine</Item>
  <Item>deinem</Item>
  <Item>deinen</Item>
  <Item>deiner</Item>
  <Item>deines</Item>
  <Item>dem</Item>
  <Item>den</Item>
  <Item>der</Item>
  <Item>des</Item>
  <Item>die</Item>
  <Item>du</Item>
  <Item>ein</Item>
  <Item>eine</Item>
  <Item>einem</Item>
  <Item>einen</Item>
  <Item>einer</Item>
  <Item>eines</Item>
  <Item>gar</Item>
  <Item>im</Item>
  <Item>in</Item>
  <Item>mit</Item>
  <Item>ob</Item>
  <Item>obwohl</Item>
  <Item>oder</Item>
  <Item>so</Item>
  <Item>um</Item>
  <Item>und</Item>
  <Item>von</Item>
  <Item>weil</Item>
  <Item>wie</Item>
  <Item>zu</Item>
</NoBreakAfterList>
