<interjections>
  <word>Ah</word>
  <word>Ahh</word>
  <word>Ahhh</word>
  <word>Ahhhh</word>
  <word>Ajá</word>
  <word>Ay</word>
  <word>Bah</word>
  <word>Bam</word>
  <word>Buah</word>
  <word>Buh</word>
  <word>Caray</word>
  <word>Chist</word>
  <word>Ea</word>
  <word>Eah</word>
  <word>Eh</word>
  <word>Ehh</word>
  <word>Ehhh</word>
  <word>Epa</word>
  <word>Ey</word>
  <word>Fiu</word>
  <word>Guao</word>
  <word>Guau</word>
  <word>Guay</word>
  <word>Hm</word>
  <word>Hmm</word>
  <word>Hmmm</word>
  <word>Ja</word>
  <word>Mm</word>
  <word>Mmm</word>
  <word>Mmmm</word>
  <word>Oh</word>
  <word>Ohh</word>
  <word>Ohhh</word>
  <word>Pah</word>
  <word>Páh</word>
  <word>Puaj</word>
  <word>Puf</word>
  <word>Pum</word>
  <word>Shh</word>
  <word>Shhh</word>
  <word>Tch</word>
  <word>Tchk</word>
  <word>Uf</word>
  <word>Ufa</word>
  <word>Uff</word>
  <word>Ugh</word>
  <word>Ughh</word>
  <word>Uh</word>
  <word>Uhh</word>
  <word>Uhhh</word>
  <word>Ujum</word>
  <word>Um</word>
  <word>Ups</word>
  <word>Uy</word>
  <word>Zas</word>
  <word>Zás</word>
  <word>Zaz</word>
</interjections>
