﻿<NoBreakAfterList>
  <Item>Dr</Item>
  <Item>Dr.</Item>
  <Item>Dhr</Item>
  <Item>Dhr.</Item>
  <Item>Mevr</Item>
  <Item>Mevr.</Item>
  <Item>Mr</Item>
  <Item>Mr.</Item>
  <Item>Mw</Item>
  <Item>Mw.</Item>
  <Item>dr</Item>
  <Item>dr.</Item>
  <Item>dhr</Item>
  <Item>dhr.</Item>
  <Item>mevr</Item>
  <Item>mevr.</Item>
  <Item>mr</Item>
  <Item>mr.</Item>
  <Item>mw</Item>
  <Item>mw.</Item>
  <Item>de</Item>
  <Item>een</Item>
  <Item>het</Item>
  <Item>'n</Item>
</NoBreakAfterList>