﻿<?xml version="1.0" encoding="utf-8"?>
<OCRFixReplaceList>
  <WholeWords />
  <PartialWordsAlways />
  <PartialWords>
    <!-- Will be used to check words not in dictionary -->
    <!-- If new word(s) exists in spelling dictionary, it(they) is accepted -->
    <WordPart from="¤" to="o" />
    <WordPart from="ﬁ" to="fi" />
    <WordPart from="ﬂ" to="fl" />
    <WordPart from="/" to="l" />
    <WordPart from="vv" to="w" />
    <WordPart from="IVI" to="M" />
    <WordPart from="lVI" to="M" />
    <WordPart from="IVl" to="M" />
    <WordPart from="lVl" to="M" />
    <WordPart from="m" to="rn" />
    <WordPart from="l" to="i" />
    <WordPart from="€" to="e" />
    <WordPart from="I" to="l" />
    <WordPart from="c" to="o" />
    <WordPart from="i" to="t" />
    <WordPart from="cc" to="oo" />
    <WordPart from="ii" to="tt" />
    <WordPart from="n/" to="ry" />
    <WordPart from="ae" to="æ" />
    <!-- "f " will be two words -->
    <WordPart from="f" to="f " />
    <WordPart from="c" to="e" />
    <WordPart from="I" to="t" />
    <WordPart from="n" to="o" />
    <WordPart from="s" to="e" />
    <WordPart from="\A" to="Vi" />
    <WordPart from="n/" to="rv" />
    <WordPart from="Ã" to="Å" />
    <WordPart from="í" to="i" />
  </PartialWords>
  <WholeLines />
  <PartialLinesAlways />
  <PartialLines />
  <BeginLines />
  <EndLines />
	<RegularExpressionsIfSpelledCorrectly>
		<RegEx find="\b([A-Z][a-zæøåöääöéèàùâêîôûëï]+)['’]s\b" spellCheck="$1" replaceWith="$1's" /> <!-- David's (spell check "David") -->
		<RegEx find="\b([a-zæøåöääöéèàùâêîôûëï]+)['’]s\b" spellCheck="$1" replaceWith="$1's" /> <!-- there's  (spell check "there") -->
		<RegEx find="\bl([A-Z]+)\b" spellCheck="I$1" replaceWith="I$1" /> 
    	<RegEx find="\b([A-Z]+)l\b" spellCheck="$1I" replaceWith="$1I" />
    	<RegEx find="\b([A-Z]+)l([A-Z]+)\b" spellCheck="$1I$2" replaceWith="$1I$2" /> <!-- SlNG to SING -->
	</RegularExpressionsIfSpelledCorrectly>
  <RegularExpressions />
</OCRFixReplaceList>