﻿<NoBreakAfterList>
  <Item>D.</Item>
  <Item>D.ª</Item>
  <Item>decr.</Item>
  <Item>Dr</Item>
  <Item>Dr.</Item>
  <Item>DR.</Item>
  <Item>dr.ª</Item>
  <Item>Dr.ª</Item>
  <Item>Dra.</Item>
  <Item>DRA.</Item>
  <Item>eng.</Item>
  <Item>Eng.</Item>
  <Item>exmo.</Item>
  <Item>Exmo.</Item>
  <Item>frei</Item>
  <Item>Frei</Item>
  <Item>gov.</Item>
  <Item>Gov.</Item>
  <Item>gram.</Item>
  <Item>jr.</Item>
  <Item>Jr.</Item>
  <Item>Miss</Item>
  <Item>mna.</Item>
  <Item>Mna.</Item>
  <Item>mno.</Item>
  <Item>Mno.</Item>
  <Item>mr.</Item>
  <Item>Mr.</Item>
  <Item>mrs.</Item>
  <Item>Mrs.</Item>
  <Item>P.</Item>
  <Item>pe.</Item>
  <Item>Pe.</Item>
  <Item>prof.</Item>
  <Item>Prof.</Item>
  <Item>prof.ª</Item>
  <Item>Prof.ª</Item>
  <Item>Santa</Item>
  <Item>Santo</Item>
  <Item>Sr</Item>
  <Item>sr.</Item>
  <Item>Sr.</Item>
  <Item>sr.ª</Item>
  <Item>Sr.ª</Item>
  <Item>sra.</Item>
  <Item>Sra.</Item>
  <Item>srs.</Item>
  <Item>Srs.</Item>
  <Item>St.</Item>
  <Item>vol.</Item>
  <Item>vols.</Item>
  <Item>a</Item>
  <Item>as</Item>
  <Item>o</Item>
  <Item>os</Item>
  <Item>um</Item>
  <Item>uma</Item>
  <Item>uns</Item>
  <Item>umas</Item>
</NoBreakAfterList>