﻿<NoBreakAfterList>
  <Item>Dr</Item>
  <Item>Dr.</Item>
  <Item>Fr</Item>
  <Item>Fr.</Item>
  <Item>Frk</Item>
  <Item>Frk.</Item>
  <Item>Fru</Item>
  <Item>Fru.</Item>
  <Item>Hr</Item>
  <Item>Hr.</Item>
  <Item>dr</Item>
  <Item>dr.</Item>
  <Item>fr</Item>
  <Item>fr.</Item>
  <Item>frk</Item>
  <Item>frk.</Item>
  <Item>fru</Item>
  <Item>fru.</Item>
  <Item>hr</Item>
  <Item>hr.</Item>
  <Item>den</Item>
  <Item>det</Item>
  <Item>en</Item>
  <Item>ena</Item>
  <Item>enen</Item>
  <Item>ett</Item>
  <Item>etta</Item>
  <Item>etten</Item>
  <Item>etna</Item>
</NoBreakAfterList>